City_ID,City,Country,Date,Lat,Lng,Max Temp,Humidity,Cloudiness,Wind Speed
0,Hilo,US,2021-07-31 23:16:22,19.7297,-155.09,83.93,65,1,12.66
1,Port Alfred,ZA,2021-07-31 23:16:23,-33.5906,26.891,65.86,34,100,7.94
2,Albany,US,2021-07-31 23:16:24,42.6001,-73.9662,71.37,56,43,6.24
3,Pisco,PE,2021-07-31 23:13:49,-13.7,-76.2167,64.45,77,0,10.36
4,Mataura,NZ,2021-07-31 23:16:25,-46.1927,168.8643,48.47,100,100,1.99
5,Gillette,US,2021-07-31 23:15:52,44.2911,-105.5022,83.8,28,46,8.99
6,Ushuaia,AR,2021-07-31 23:15:04,-54.8,-68.3,40.66,75,75,18.41
7,Punta Arenas,CL,2021-07-31 23:16:26,-53.15,-70.9167,39.31,65,0,13.8
8,San Quintin,MX,2021-07-31 23:16:26,30.4833,-115.95,75.79,66,40,13.73
9,Kapaa,US,2021-07-31 23:16:27,22.0752,-159.319,86.32,68,75,3.0
10,Llanes,ES,2021-07-31 23:16:28,43.4198,-4.7549,60.03,79,33,11.52
11,Vestmannaeyjar,IS,2021-07-31 23:11:28,63.4427,-20.2734,53.73,92,99,4.25
12,Rikitea,PF,2021-07-31 23:16:29,-23.1203,-134.9692,70.5,72,11,11.41
13,Chumikan,RU,2021-07-31 23:16:29,54.7183,135.315,50.23,87,100,4.74
14,Kondinskoye,RU,2021-07-31 23:16:30,59.6481,67.41,54.39,92,5,8.79
15,Bethel,US,2021-07-31 23:15:59,41.3712,-73.414,74.48,63,1,5.75
16,North Myrtle Beach,US,2021-07-31 23:16:31,33.816,-78.68,89.35,78,1,1.99
17,Nikolskoye,RU,2021-07-31 23:16:32,59.7035,30.7861,62.49,93,36,5.88
18,Les Cayes,HT,2021-07-31 23:16:32,18.2,-73.75,79.36,85,52,3.83
19,Puerto Ayora,EC,2021-07-31 23:16:33,-0.7393,-90.3518,72.55,88,45,5.99
20,Bilibino,RU,2021-07-31 23:16:34,68.0546,166.4372,48.74,53,93,4.74
21,Clyde River,CA,2021-07-31 23:16:34,70.4692,-68.5914,41.23,87,90,6.91
22,Comodoro Rivadavia,AR,2021-07-31 23:16:35,-45.8667,-67.5,49.86,25,0,16.11
23,Khatanga,RU,2021-07-31 23:16:35,71.9667,102.5,65.35,70,80,10.4
24,Carnarvon,AU,2021-07-31 23:11:37,-24.8667,113.6333,53.67,57,90,5.75
25,Chuy,UY,2021-07-31 23:16:36,-33.6971,-53.4616,47.68,92,0,4.72
26,Lavrentiya,RU,2021-07-31 23:16:37,65.5833,-171.0,43.02,86,100,7.36
27,Jamestown,US,2021-07-31 23:16:38,42.097,-79.2353,69.37,63,1,5.03
28,Bressanone,IT,2021-07-31 23:16:39,46.715,11.656,68.16,97,100,0.29
29,Fort Nelson,CA,2021-07-31 23:16:39,58.8053,-122.7002,89.19,22,20,2.3
30,Sioux Lookout,CA,2021-07-31 23:13:38,50.1001,-91.917,72.37,37,86,12.95
31,Husavik,IS,2021-07-31 23:16:40,66.0449,-17.3389,49.91,72,85,2.55
32,Thompson,CA,2021-07-31 23:15:13,55.7435,-97.8558,75.36,43,75,10.36
33,Bloemfontein,ZA,2021-07-31 23:16:41,-29.1211,26.214,29.68,59,0,2.3
34,Grindavik,IS,2021-07-31 23:16:42,63.8424,-22.4338,55.35,100,90,9.22
35,Port Lincoln,AU,2021-07-31 23:15:14,-34.7333,135.8667,50.23,78,3,8.59
36,Arraial Do Cabo,BR,2021-07-31 23:16:43,-22.9661,-42.0278,66.87,62,95,12.21
37,Bambous Virieux,MU,2021-07-31 23:16:44,-20.3428,57.7575,70.05,78,40,11.5
38,Airai,TL,2021-07-31 23:16:44,-8.9266,125.4092,61.25,74,57,2.93
39,Kruisfontein,ZA,2021-07-31 23:16:45,-34.0033,24.7314,56.26,31,63,4.68
40,Mar Del Plata,AR,2021-07-31 23:13:16,-38.0023,-57.5575,50.13,28,42,10.0
41,Merauke,ID,2021-07-31 23:16:46,-8.4667,140.3333,76.3,87,90,12.84
42,Pochutla,MX,2021-07-31 23:16:47,15.7432,-96.4661,89.82,74,29,6.64
43,Marawi,PH,2021-07-31 23:16:48,7.9986,124.2928,69.66,88,77,2.59
44,Carora,VE,2021-07-31 23:16:48,10.1755,-70.0827,86.76,44,42,17.92
45,Castlebar,IE,2021-07-31 23:16:49,53.85,-9.3,55.94,70,91,8.3
46,Porkhov,RU,2021-07-31 23:16:50,57.765,29.5561,58.89,92,41,5.37
47,Saint-Philippe,RE,2021-07-31 23:16:50,-21.3585,55.7679,65.75,84,36,10.96
48,Yaring,TH,2021-07-31 23:16:51,6.8662,101.3689,77.34,86,91,7.47
49,Dongsheng,CN,2021-07-31 23:16:51,39.8161,109.9776,61.5,59,2,13.85
50,Kodiak,US,2021-07-31 23:16:52,57.79,-152.4072,60.31,77,90,8.05
51,Coihaique,CL,2021-07-31 23:16:53,-45.5752,-72.0662,33.75,80,0,0.0
52,Barrow,US,2021-07-31 23:16:01,71.2906,-156.7887,50.02,94,90,17.27
53,Vaini,TO,2021-07-31 23:16:54,-21.2,-175.2,78.96,73,20,26.46
54,Fortuna,US,2021-07-31 23:16:54,40.5982,-124.1573,91.18,83,40,14.97
55,Atuona,PF,2021-07-31 23:16:55,-9.8,-139.0333,76.89,69,41,13.6
56,Dunedin,NZ,2021-07-31 23:13:48,-45.8742,170.5036,52.81,79,100,5.01
57,Pitsunda,GE,2021-07-31 23:16:56,43.1592,40.3378,71.78,75,1,5.32
58,Saint George,US,2021-07-31 23:15:08,37.1041,-113.5841,95.47,35,1,20.71
59,Lazaro Cardenas,MX,2021-07-31 23:16:57,17.9583,-102.2,85.28,69,86,6.04
60,Praia Da Vitoria,PT,2021-07-31 23:16:58,38.7333,-27.0667,73.76,88,40,10.36
61,Manuk Mangkaw,PH,2021-07-31 23:16:59,4.8,119.85,84.06,72,23,9.44
62,Yellowknife,CA,2021-07-31 23:15:14,62.456,-114.3525,82.92,44,20,10.36
63,Esperance,AU,2021-07-31 23:17:00,-33.8667,121.9,48.04,86,55,26.35
64,Bredasdorp,ZA,2021-07-31 23:17:00,-34.5322,20.0403,53.28,94,100,3.44
65,Hobart,AU,2021-07-31 23:15:02,-42.8794,147.3294,46.26,72,75,4.0
66,Muros,ES,2021-07-31 23:17:02,42.7762,-9.0603,63.84,84,90,1.83
67,Rio Gallegos,AR,2021-07-31 23:17:02,-51.6226,-69.2181,42.85,45,75,21.85
68,Ahipara,NZ,2021-07-31 23:17:03,-35.1667,173.1667,58.39,64,9,5.26
69,Cape Town,ZA,2021-07-31 23:12:15,-33.9258,18.4232,55.89,94,76,1.01
70,Narsaq,GL,2021-07-31 23:17:04,60.9167,-46.05,53.82,76,55,4.07
71,Alofi,NU,2021-07-31 23:17:05,-19.0595,-169.9187,75.09,94,97,17.27
72,Zhigansk,RU,2021-07-31 23:17:05,66.7697,123.3711,71.71,41,15,8.37
73,Saskylakh,RU,2021-07-31 23:17:06,71.9167,114.0833,73.0,38,0,8.75
74,Sao Filipe,CV,2021-07-31 23:17:07,14.8961,-24.4956,75.81,84,84,8.21
75,Pangnirtung,CA,2021-07-31 23:17:08,66.1451,-65.7125,52.81,62,100,4.0
76,Bonavista,CA,2021-07-31 23:17:09,48.6499,-53.1147,63.12,79,2,21.88
77,Codrington,AU,2021-07-31 23:17:09,-38.2667,141.9667,44.56,88,27,8.14
78,Hermanus,ZA,2021-07-31 23:17:10,-34.4187,19.2345,53.91,88,100,6.02
79,Torbay,CA,2021-07-31 23:17:11,47.6666,-52.7314,63.68,84,75,17.27
80,Tura,IN,2021-07-31 23:17:11,25.5198,90.2201,73.81,99,100,3.36
81,Paita,PE,2021-07-31 23:17:12,-5.0892,-81.1144,68.56,78,11,17.43
82,Kaitangata,NZ,2021-07-31 23:17:12,-46.2817,169.8464,49.23,96,100,2.77
83,Puerto Leguizamo,CO,2021-07-31 23:17:13,-0.1934,-74.7819,74.39,78,75,2.37
84,Carutapera,BR,2021-07-31 23:17:14,-1.195,-46.02,75.13,92,28,3.98
85,Bluff,NZ,2021-07-31 23:17:14,-46.6,168.3333,48.79,93,100,2.06
86,Sitka,US,2021-07-31 23:17:15,57.0531,-135.33,64.29,77,75,6.91
87,Mount Gambier,AU,2021-07-31 23:17:15,-37.8333,140.7667,44.85,89,12,5.12
88,Aklavik,CA,2021-07-31 23:17:16,68.2191,-135.0107,79.52,37,91,15.19
89,Ternate,ID,2021-07-31 23:17:16,0.8,127.4,81.57,80,59,4.0
90,Dukat,RU,2021-07-31 23:17:17,62.55,155.55,46.36,84,77,14.92
91,Abrego,CO,2021-07-31 23:17:18,8.0807,-73.2205,70.41,76,71,6.51
92,Caucaia,BR,2021-07-31 23:17:18,-3.7361,-38.6531,80.55,76,75,13.8
93,Butaritari,KI,2021-07-31 23:17:19,3.0707,172.7902,81.86,75,43,9.01
94,Beringovskiy,RU,2021-07-31 23:17:19,63.05,179.3167,45.52,70,94,2.48
95,Ponta Do Sol,PT,2021-07-31 23:17:20,32.6667,-17.1,72.23,57,15,9.46
96,La Ronge,CA,2021-07-31 23:17:21,55.1001,-105.2842,77.25,36,40,5.75
97,Zaysan,KZ,2021-07-31 23:13:25,47.4667,84.8667,60.19,30,0,8.77
98,Port Elizabeth,ZA,2021-07-31 23:17:22,-33.918,25.5701,50.29,71,0,5.75
99,New Norfolk,AU,2021-07-31 23:17:23,-42.7826,147.0587,46.92,54,11,5.19
100,Yinchuan,CN,2021-07-31 23:17:24,38.4681,106.2731,72.77,40,0,12.73
101,Hauterive,FR,2021-07-31 23:17:24,46.0901,3.4459,57.96,83,100,2.91
102,Mount Isa,AU,2021-07-31 23:17:25,-20.7333,139.5,73.17,53,90,1.14
103,Vieste,IT,2021-07-31 23:17:25,41.8825,16.175,81.1,52,0,9.37
104,Coquimbo,CL,2021-07-31 23:17:26,-29.9533,-71.3436,51.53,87,0,3.44
105,Ribeira Grande,PT,2021-07-31 23:17:27,38.5167,-28.7,71.69,84,45,6.76
106,Ilulissat,GL,2021-07-31 23:17:27,69.2167,-51.1,57.22,47,27,11.5
107,Upernavik,GL,2021-07-31 23:17:28,72.7868,-56.1549,43.39,77,100,3.69
108,Stornoway,GB,2021-07-31 23:17:18,58.2093,-6.3865,54.93,76,90,8.05
109,Krasnoselkup,RU,2021-07-31 23:17:29,65.7,82.4667,50.38,76,43,7.07
110,Busselton,AU,2021-07-31 23:17:30,-33.65,115.3333,45.09,72,91,28.92
111,Barranca,PE,2021-07-31 23:17:30,-10.75,-77.7667,63.59,81,26,11.61
112,San Rafael,AR,2021-07-31 23:17:31,-34.6177,-68.3301,52.63,47,14,6.13
113,Rocha,UY,2021-07-31 23:13:29,-34.4833,-54.3333,45.99,78,29,4.38
114,Kyzyl-Suu,KG,2021-07-31 23:17:32,42.3414,78.0056,56.05,34,14,3.65
115,Gloucester,GB,2021-07-31 23:14:02,51.8657,-2.2431,61.09,90,30,3.04
116,Bethanien,NA,2021-07-31 23:17:33,-26.502,17.1583,56.21,24,2,7.99
117,Ploemeur,FR,2021-07-31 23:17:01,47.7333,-3.4333,60.82,96,0,4.61
118,Qaanaaq,GL,2021-07-31 23:17:35,77.484,-69.3632,41.68,87,93,4.27
119,Rundu,NA,2021-07-31 23:17:35,-17.9333,19.7667,53.04,39,1,7.0
120,Nushki,PK,2021-07-31 23:17:36,29.5542,66.0215,79.43,17,0,3.18
121,Logrono,ES,2021-07-31 23:17:37,42.4667,-2.45,56.7,72,20,8.05
122,Sumbe,AO,2021-07-31 23:17:37,-11.2061,13.8437,69.93,93,4,6.11
123,Portland,US,2021-07-31 23:12:40,45.5234,-122.6762,91.45,39,90,9.22
124,Zhob,PK,2021-07-31 23:17:39,31.3411,69.4481,81.25,44,2,1.83
125,Mporokoso,ZM,2021-07-31 23:17:39,-9.3727,30.125,59.67,56,1,10.78
126,Hamada,JP,2021-07-31 23:17:40,34.8833,132.0833,84.0,68,50,1.32
127,Alyangula,AU,2021-07-31 23:17:40,-13.8483,136.4192,76.95,85,48,10.51
128,Cherskiy,RU,2021-07-31 23:17:41,68.75,161.3,41.38,92,100,13.98
129,Storforshei,NO,2021-07-31 23:17:41,66.4043,14.5233,50.67,89,97,5.14
130,Avarua,CK,2021-07-31 23:17:42,-21.2078,-159.775,78.85,69,75,8.05
131,Lorengau,PG,2021-07-31 23:17:43,-2.0226,147.2712,83.44,71,56,5.03
132,Batemans Bay,AU,2021-07-31 23:17:43,-35.7167,150.1833,59.09,68,13,10.74
133,Cranbrook,CA,2021-07-31 23:17:44,49.4999,-115.7688,92.26,11,78,2.84
134,San Patricio,US,2021-07-31 23:17:44,28.017,-97.5169,93.88,57,62,16.91
135,Ilebo,CD,2021-07-31 23:17:45,-4.3167,20.5833,71.71,37,38,1.43
136,Talnakh,RU,2021-07-31 23:17:46,69.4865,88.3972,53.22,83,21,9.01
137,Port Hedland,AU,2021-07-31 23:17:46,-20.3167,118.5667,57.25,62,3,5.75
138,Provideniya,RU,2021-07-31 23:17:47,64.3833,-173.3,46.02,80,95,4.63
139,Aasiaat,GL,2021-07-31 23:17:47,68.7098,-52.8699,40.55,91,63,8.66
140,Bulaevo,KZ,2021-07-31 23:17:48,54.9056,70.4439,61.41,84,100,2.19
141,Dikson,RU,2021-07-31 23:17:49,73.5069,80.5464,43.23,99,100,13.47
142,Quatre Cocos,MU,2021-07-31 23:17:49,-20.2078,57.7625,69.91,72,3,15.1
143,Rodeo,US,2021-07-31 23:17:50,38.033,-122.2669,97.9,62,1,10.0
144,Rudbar,AF,2021-07-31 23:17:50,30.15,62.6,82.53,16,0,15.86
145,Hithadhoo,MV,2021-07-31 23:17:51,-0.6,73.0833,80.62,74,63,4.94
146,Tuatapere,NZ,2021-07-31 23:17:52,-46.1333,167.6833,48.81,95,100,2.19
147,Zhoucheng,CN,2021-07-31 23:17:52,35.9122,116.3117,78.44,92,56,6.53
148,Pitimbu,BR,2021-07-31 23:17:53,-7.4706,-34.8086,73.99,83,5,17.56
149,Upata,VE,2021-07-31 23:17:53,8.0086,-62.3989,72.72,89,55,2.44
150,Nantucket,US,2021-07-31 23:17:54,41.2835,-70.0995,70.97,60,1,14.97
151,Kupang,ID,2021-07-31 23:17:54,-10.1667,123.5833,77.58,83,20,2.3
152,Evensk,RU,2021-07-31 23:17:55,61.95,159.2333,54.73,56,65,4.63
153,Ancud,CL,2021-07-31 23:17:56,-41.8697,-73.8203,40.53,80,31,2.8
154,San Jeronimo,PE,2021-07-31 23:17:56,-11.9472,-75.2829,52.29,66,47,6.69
155,Geraldton,AU,2021-07-31 23:17:57,-28.7667,114.6,61.12,88,40,25.32
156,Castro,BR,2021-07-31 23:17:57,-24.7911,-50.0119,47.32,76,98,4.21
157,Tuktoyaktuk,CA,2021-07-31 23:17:58,69.4541,-133.0374,62.6,77,75,3.44
158,Walvis Bay,NA,2021-07-31 23:17:59,-22.9575,14.5053,74.35,14,0,5.75
159,Sulangan,PH,2021-07-31 23:17:59,11.1373,123.7228,83.73,77,51,11.59
160,Northam,GB,2021-07-31 23:18:00,51.0333,-4.2167,60.39,95,15,4.68
161,Okhotsk,RU,2021-07-31 23:18:00,59.3833,143.3,65.7,55,9,9.89
162,Muravlenko,RU,2021-07-31 23:18:01,63.7898,74.523,49.57,75,27,6.91
163,Ilhabela,BR,2021-07-31 23:18:02,-23.7781,-45.3581,60.24,82,84,5.75
164,Boa Vista,BR,2021-07-31 23:18:02,2.8197,-60.6733,82.38,74,75,3.44
165,Songjianghe,CN,2021-07-31 23:18:03,42.1859,127.479,72.36,88,93,3.4
166,Severo-Kurilsk,RU,2021-07-31 23:18:04,50.6789,156.125,54.37,88,100,8.32
167,Haines Junction,CA,2021-07-31 23:18:05,60.7522,-137.5108,78.75,34,11,8.05
168,Sovetskiy,RU,2021-07-31 23:13:32,61.3614,63.5842,55.98,90,98,7.31
169,Broome,US,2021-07-31 23:18:06,42.2506,-75.833,71.65,61,1,0.0
170,Tasiilaq,GL,2021-07-31 23:18:06,65.6145,-37.6368,48.36,79,64,2.82
171,Kindersley,CA,2021-07-31 23:18:07,51.4668,-109.1682,91.18,23,1,5.75
172,Tahta,EG,2021-07-31 23:18:07,26.7693,31.5021,89.42,17,22,4.25
173,Jurado,CO,2021-07-31 23:18:08,7.1053,-77.7641,81.18,83,89,3.06
174,Trinidad,BO,2021-07-31 23:18:09,-14.8333,-64.9,76.98,57,4,0.0
175,Chokurdakh,RU,2021-07-31 23:18:10,70.6333,147.9167,41.22,77,100,20.6
176,Bubaque,GW,2021-07-31 23:18:10,11.2833,-15.8333,77.65,90,100,19.66
177,Plock,PL,2021-07-31 23:18:11,52.5468,19.7064,62.56,66,13,5.86
178,Moba,CN,2021-07-31 23:18:12,33.2288,105.0179,61.74,85,3,3.33
179,Pevek,RU,2021-07-31 23:18:12,69.7008,170.3133,36.81,78,94,8.37
180,San Mateo Ixtatan,GT,2021-07-31 23:18:13,15.8319,-91.4781,67.55,84,67,6.33
181,Kendari,ID,2021-07-31 23:18:13,-3.945,122.4989,75.09,93,87,2.77
182,Yongan,CN,2021-07-31 23:18:14,39.6957,113.6871,61.72,81,10,4.61
183,Laguna,US,2021-07-31 23:18:15,38.421,-121.4238,103.24,28,1,7.0
184,The Valley,AI,2021-07-31 23:18:15,18.217,-63.0578,84.06,80,1,17.02
185,Lagoa,PT,2021-07-31 23:18:16,39.05,-27.9833,70.66,87,100,9.15
186,Isangel,VU,2021-07-31 23:18:17,-19.55,169.2667,73.51,68,75,16.11
187,Itaueira,BR,2021-07-31 23:18:17,-7.6033,-43.0256,76.96,59,12,13.82
188,Cheney,US,2021-07-31 23:13:53,47.4874,-117.5758,106.52,19,75,8.05
189,Bandarbeyla,SO,2021-07-31 23:18:18,9.4942,50.8122,75.16,84,88,24.43
190,Lokomotivnyy,RU,2021-07-31 23:18:19,53.0118,60.5684,65.19,77,35,10.13
191,Salalah,OM,2021-07-31 23:18:19,17.0151,54.0924,77.09,94,90,6.91
192,Manay,PH,2021-07-31 23:18:20,7.215,126.5397,79.41,83,100,6.44
193,Arica,CL,2021-07-31 23:18:21,-18.475,-70.3042,61.03,77,0,8.05
194,Lubao,PH,2021-07-31 23:18:21,14.9167,120.55,83.14,87,100,8.12
195,Abha,SA,2021-07-31 23:18:22,18.2164,42.5053,62.42,94,0,0.0
196,Luderitz,NA,2021-07-31 23:18:23,-26.6481,15.1594,68.63,26,0,7.56
197,Batagay-Alyta,RU,2021-07-31 23:18:23,67.8006,130.4114,66.72,57,43,4.38
198,Tutoia,BR,2021-07-31 23:18:24,-2.7619,-42.2744,78.57,81,3,10.65
199,Cabedelo,BR,2021-07-31 23:18:25,-6.9811,-34.8339,74.07,83,6,17.54
200,Cairns,AU,2021-07-31 23:18:26,-16.9167,145.7667,76.95,79,37,4.61
201,Poum,NC,2021-07-31 23:18:27,-20.2333,164.0167,69.78,56,19,17.58
202,Sagaing,MM,2021-07-31 23:18:28,21.8787,95.9797,80.78,83,75,6.91
203,Namibe,AO,2021-07-31 23:18:28,-15.1961,12.1522,68.11,84,23,5.66
204,Beruwala,LK,2021-07-31 23:18:29,6.4788,79.9828,78.22,86,42,9.64
205,Nanortalik,GL,2021-07-31 23:18:29,60.1432,-45.2371,47.64,82,89,10.67
206,Porto Novo,BJ,2021-07-31 23:18:30,6.4965,2.6036,78.62,89,99,5.37
207,Kodinsk,RU,2021-07-31 23:18:31,58.6881,99.1844,59.86,72,100,1.92
208,Port-Gentil,GA,2021-07-31 23:18:31,-0.7193,8.7815,76.55,75,47,13.53
209,Shingu,JP,2021-07-31 23:18:32,33.7333,135.9833,83.39,73,33,1.03
210,Cerea,IT,2021-07-31 23:18:32,45.1921,11.2103,77.94,86,36,5.77
211,Piacabucu,BR,2021-07-31 23:18:33,-10.4056,-36.4344,73.38,86,43,17.4
212,Basar,IN,2021-07-31 23:18:34,27.9833,94.6667,71.4,99,92,0.98
213,Victoria,HK,2021-07-31 23:15:04,22.2855,114.1577,87.96,91,99,8.99
214,Leningradskiy,RU,2021-07-31 23:18:34,69.3833,178.4167,34.36,90,100,16.71
215,Georgetown,MY,2021-07-31 23:17:14,5.4112,100.3354,78.73,93,20,2.3
216,Nago,JP,2021-07-31 23:18:35,26.5881,127.9761,84.36,88,54,8.86
217,Port Blair,IN,2021-07-31 23:18:36,11.6667,92.75,81.72,82,100,17.56
218,Krasnoshchekovo,RU,2021-07-31 23:18:37,51.6708,82.7289,60.33,65,97,5.53
219,Constitucion,CL,2021-07-31 23:18:37,-35.3333,-72.4167,52.75,80,45,8.21
220,Berlevag,NO,2021-07-31 23:18:38,70.8578,29.0864,48.42,92,100,8.1
221,Kastamonu,TR,2021-07-31 23:18:39,41.5,33.6667,57.0,68,0,1.59
222,Kualakapuas,ID,2021-07-31 23:18:39,-3.0091,114.3876,75.36,95,42,1.88
223,Nyurba,RU,2021-07-31 23:18:40,63.2842,118.3319,67.26,48,3,2.33
224,Kismayo,SO,2021-07-31 23:18:40,-0.3582,42.5454,74.91,85,76,19.3
225,Panormos,GR,2021-07-31 23:18:41,35.4182,24.6909,88.12,40,0,7.25
226,Tiznit,MA,2021-07-31 23:18:41,29.5833,-9.5,81.05,39,11,2.89
227,Zapolyarnyy,RU,2021-07-31 23:18:42,69.4154,30.8136,47.48,93,100,0.94
228,Souillac,MU,2021-07-31 23:18:43,-20.5167,57.5167,70.18,78,40,11.5
229,Dubbo,AU,2021-07-31 23:18:44,-32.25,148.6167,60.93,67,0,5.75
230,Zhuhai,CN,2021-07-31 23:18:44,22.2769,113.5678,87.71,89,40,5.75
231,Kailua,US,2021-07-31 23:18:45,21.4022,-157.7394,89.58,63,40,14.97
232,Mehamn,NO,2021-07-31 23:18:45,71.0357,27.8492,47.08,96,100,8.28
233,Beloha,MG,2021-07-31 23:18:46,-25.1667,45.05,63.18,75,0,11.32
234,Tran,BG,2021-07-31 23:18:46,42.8353,22.6517,70.79,58,8,0.63
235,Kahului,US,2021-07-31 23:18:47,20.8947,-156.47,86.97,63,20,29.93
236,Hovd,MN,2021-07-31 23:18:48,48.0056,91.6419,55.17,83,100,4.36
237,Bundaberg,AU,2021-07-31 23:18:49,-24.85,152.35,70.09,73,0,11.5
238,Uglich,RU,2021-07-31 23:18:22,57.5275,38.3317,57.45,90,5,6.8
239,Izumo,JP,2021-07-31 23:18:50,35.3667,132.7667,80.55,74,0,3.44
240,Kisanga,TZ,2021-07-31 23:18:50,-7.4362,37.7034,68.94,86,69,2.93
241,Nouadhibou,MR,2021-07-31 23:18:51,20.931,-17.0347,69.78,88,5,19.57
242,Vardo,NO,2021-07-31 23:18:52,70.3705,31.1107,48.33,92,99,10.76
243,Victor Harbor,AU,2021-07-31 23:18:52,-35.5667,138.6167,51.46,81,8,7.43
244,Sampit,ID,2021-07-31 23:18:53,-2.5333,112.95,73.83,95,21,1.99
245,Koppang,NO,2021-07-31 23:18:53,61.5706,11.0555,49.42,96,100,6.89
246,Tianpeng,CN,2021-07-31 23:18:54,30.9866,103.9393,72.07,64,0,4.23
247,Elko,US,2021-07-31 23:18:55,41.0002,-115.5012,76.64,52,64,21.0
248,Nioro,GM,2021-07-31 23:18:55,13.35,-15.75,77.65,87,100,5.41
249,Bereda,ES,2021-07-31 23:18:56,43.2686,-7.5406,55.92,99,12,1.54
250,Kayes,ML,2021-07-31 23:18:57,14.0,-11.0,78.8,77,95,5.01
251,Amalapuram,IN,2021-07-31 23:18:57,16.5833,82.0167,80.82,75,100,6.49
252,Obuasi,GH,2021-07-31 23:18:58,6.206,-1.6619,70.43,96,52,2.64
253,Ossora,RU,2021-07-31 23:18:59,59.2353,163.0719,56.7,55,49,4.21
254,Naze,JP,2021-07-31 23:18:59,28.3667,129.4833,83.32,84,99,10.63
255,Vao,NC,2021-07-31 23:19:00,-22.6667,167.4833,66.74,59,0,20.11
256,Sydney,AU,2021-07-31 23:16:47,-33.8679,151.2073,71.8,60,0,5.99
257,Deputatskiy,RU,2021-07-31 23:19:01,69.3,139.9,43.65,74,100,6.96
258,Lebu,CL,2021-07-31 23:19:01,-37.6167,-73.65,47.57,85,2,14.09
259,Enshi,CN,2021-07-31 23:19:02,30.3,109.4833,74.7,86,0,1.25
260,Nipawin,CA,2021-07-31 23:19:02,53.3668,-104.0009,82.44,32,1,9.22
261,Bo Phloi,TH,2021-07-31 23:19:04,14.3236,99.5161,79.07,73,100,8.5
262,Bilma,NE,2021-07-31 23:19:04,18.6853,12.9164,94.39,15,20,5.08
263,Olafsvik,IS,2021-07-31 23:19:05,64.8945,-23.7142,54.25,93,91,7.27
264,Aitape,PG,2021-07-31 23:19:05,-3.1374,142.3475,81.88,74,47,2.04
265,Roebourne,AU,2021-07-31 23:19:06,-20.7833,117.1333,59.83,50,2,8.63
266,Knysna,ZA,2021-07-31 23:19:07,-34.0363,23.0471,48.58,38,41,2.39
267,Carballo,ES,2021-07-31 23:19:08,43.213,-8.691,60.87,87,47,3.83
268,Margate,GB,2021-07-31 23:19:08,51.3813,1.3862,62.31,90,50,1.01
269,Lata,PT,2021-07-31 23:19:09,40.1629,-8.3327,59.05,97,14,1.99
270,Natal,BR,2021-07-31 23:19:10,-5.795,-35.2094,79.45,83,20,9.22
271,Lieksa,FI,2021-07-31 23:19:10,63.3167,30.0167,57.31,91,12,3.38
272,Camabatela,AO,2021-07-31 23:19:11,-8.1881,15.375,63.21,48,14,3.27
273,Roald,NO,2021-07-31 23:19:12,62.5833,6.1333,57.16,82,90,17.27
274,High Level,CA,2021-07-31 23:19:12,58.5169,-117.136,87.91,30,20,6.91
275,Dingle,PH,2021-07-31 23:19:13,10.9995,122.6711,79.59,88,98,7.49
276,Sandwick,GB,2021-07-31 23:19:14,60.0,-1.25,51.62,82,90,9.22
277,Betioky,MG,2021-07-31 23:19:14,-23.7167,44.3833,63.48,60,0,10.54
278,Meulaboh,ID,2021-07-31 23:19:15,4.1363,96.1285,74.82,85,100,3.02
279,Kieta,PG,2021-07-31 23:19:16,-6.2167,155.6333,83.44,72,25,6.46
280,Megion,RU,2021-07-31 23:19:16,61.0296,76.1136,46.42,93,2,1.36
281,Ayna,PE,2021-07-31 23:19:17,-12.65,-73.9167,73.9,80,62,0.25
282,Chapais,CA,2021-07-31 23:19:17,49.7834,-74.8492,64.18,51,52,9.51
283,Tonantins,BR,2021-07-31 23:19:18,-2.8731,-67.8022,74.61,66,52,2.04
284,Avera,US,2021-07-31 23:19:19,33.194,-82.5271,93.25,51,89,8.21
285,Mildura,AU,2021-07-31 23:19:20,-34.2,142.15,51.76,100,90,5.75
286,East London,ZA,2021-07-31 23:19:20,-33.0153,27.9116,66.09,25,95,6.6
287,Tamiahua,MX,2021-07-31 23:19:21,21.2667,-97.45,85.62,65,46,10.63
288,Dalaba,GN,2021-07-31 23:18:09,10.7,-12.25,62.17,99,92,3.24
289,Gandajika,CD,2021-07-31 23:19:22,-6.75,23.95,69.33,29,15,4.63
290,Khani,GE,2021-07-31 23:19:22,41.9563,42.9566,62.17,92,78,1.68
291,Jhalrapatan,IN,2021-07-31 23:19:23,24.55,76.1667,76.66,89,100,16.24
292,Ryotsu,JP,2021-07-31 23:19:24,38.0833,138.4333,80.56,75,12,1.95
293,Sao Joao Da Barra,BR,2021-07-31 23:19:24,-21.6403,-41.0511,66.76,62,99,10.83
294,Dicamay,PH,2021-07-31 23:19:25,16.7561,122.0037,79.23,78,100,1.01
295,Caravelas,BR,2021-07-31 23:19:25,-17.7125,-39.2481,67.66,76,55,10.02
296,Katima Mulilo,NA,2021-07-31 23:19:26,-17.5,24.2667,53.31,55,4,4.56
297,Nabire,ID,2021-07-31 23:17:00,-3.3667,135.4833,77.63,87,95,2.62
298,Ouro Preto Do Oeste,BR,2021-07-31 23:17:55,-10.7481,-62.2158,77.18,37,16,2.21
299,Soe,ID,2021-07-31 23:19:28,-9.8607,124.284,66.18,81,16,2.8
300,Manyana,BW,2021-07-31 23:19:28,-23.4,21.7167,48.76,44,0,8.32
301,Imeni Poliny Osipenko,RU,2021-07-31 23:19:29,52.4201,136.4853,48.36,98,100,9.75
302,Nelson Bay,AU,2021-07-31 23:19:29,-32.7167,152.15,75.76,72,0,6.82
303,Waterloo,CA,2021-07-31 23:17:09,43.4668,-80.5164,69.31,77,90,8.01
304,Celestun,MX,2021-07-31 23:19:30,20.8667,-90.4,85.41,72,87,15.59
305,Volary,CZ,2021-07-31 23:19:31,48.9088,13.8866,63.07,85,84,2.68
306,Puerto Del Rosario,ES,2021-07-31 23:19:32,28.5004,-13.8627,71.35,78,14,19.57
307,Octeville,FR,2021-07-31 23:19:32,49.6261,-1.6435,58.93,94,90,8.05
308,Kunming,CN,2021-07-31 23:19:33,25.0389,102.7183,60.73,100,20,4.47
309,Pimentel,PE,2021-07-31 23:19:33,-6.8367,-79.9342,68.29,81,0,4.0
310,Bakhchysaray,UA,2021-07-31 23:19:34,44.75,33.8667,70.59,70,9,2.75
311,Mareeba,AU,2021-07-31 23:19:35,-17.0,145.4333,72.32,86,15,4.65
312,Champerico,GT,2021-07-31 23:19:35,14.3,-91.9167,88.34,73,45,7.43
313,Komsomolskiy,UZ,2021-07-31 23:19:36,40.4272,71.7189,74.62,27,51,2.01
314,Lompoc,US,2021-07-31 23:19:36,34.6391,-120.4579,89.13,70,1,16.11
315,Narragansett,US,2021-07-31 23:19:37,41.4501,-71.4495,73.38,63,1,3.0
316,Ostrovnoy,RU,2021-07-31 23:19:38,68.0531,39.5131,46.36,96,97,4.72
317,Bokhan,RU,2021-07-31 23:19:38,53.153,103.7714,61.63,85,100,1.25
318,Atar,MR,2021-07-31 23:19:39,20.5169,-13.0499,93.31,29,5,9.66
319,Nigran,ES,2021-07-31 23:19:39,42.1415,-8.8066,63.64,81,0,1.01
320,Mahebourg,MU,2021-07-31 23:19:40,-20.4081,57.7,70.09,78,40,11.5
321,Kitimat,CA,2021-07-31 23:19:41,54.0524,-128.6534,88.18,42,0,4.54
322,Port Arthur,CN,2021-07-31 23:19:42,38.8,121.2667,75.42,87,82,4.56
323,Saint Anthony,US,2021-07-31 23:15:13,45.0205,-93.218,85.93,39,20,10.0
324,Kavaratti,IN,2021-07-31 23:19:44,10.5669,72.642,81.1,81,18,15.37
325,Moron,AR,2021-07-31 23:19:45,-34.6534,-58.6198,54.99,71,27,2.39
326,Cidreira,BR,2021-07-31 23:19:45,-30.1811,-50.2056,57.16,85,9,14.99
327,Khandyga,RU,2021-07-31 23:19:46,62.6667,135.6,66.97,44,1,2.53
328,Hobyo,SO,2021-07-31 23:19:47,5.3505,48.5268,75.7,83,83,23.47
329,Jacksonville Beach,US,2021-07-31 23:15:32,30.2947,-81.3931,94.1,57,1,1.01
330,Itoman,JP,2021-07-31 23:19:48,26.1247,127.6694,84.22,89,75,14.97
331,Guerrero Negro,MX,2021-07-31 23:19:48,27.9769,-114.0611,83.41,51,11,13.98
332,Jawhar,SO,2021-07-31 23:19:49,2.7809,45.5005,72.95,82,97,16.37
333,Morgan City,US,2021-07-31 23:19:50,29.6994,-91.2068,88.0,94,75,3.44
334,Salinas,US,2021-07-31 23:19:50,36.6777,-121.6555,89.96,66,1,17.27
335,Bandar-E Lengeh,IR,2021-07-31 23:19:51,26.5579,54.8807,92.21,68,86,4.03
336,Hirara,JP,2021-07-31 23:19:51,24.8,125.2833,82.67,89,75,9.22
337,Ixtapa,MX,2021-07-31 23:19:52,20.7,-105.2,87.22,74,75,10.36
338,Iwanai,JP,2021-07-31 23:19:53,42.9744,140.5089,85.19,58,24,1.9
339,Ravar,IR,2021-07-31 23:19:53,31.2656,56.8055,82.38,21,26,2.13
340,Zhezkazgan,KZ,2021-07-31 23:19:54,47.8043,67.7144,76.06,20,1,4.56
341,Cloquet,US,2021-07-31 23:19:55,46.7216,-92.4594,76.98,50,1,9.22
342,Podgornoye,RU,2021-07-31 23:19:55,51.735,39.1496,62.82,82,0,0.0
343,Kawai,JP,2021-07-31 23:19:56,34.2333,135.85,77.83,73,45,1.34
344,Shatalovo,RU,2021-07-31 23:19:57,54.334,32.4465,63.66,69,95,6.35
345,Nikel,RU,2021-07-31 23:19:57,69.4128,30.222,48.38,91,100,0.96
346,Rutland,US,2021-07-31 23:19:59,43.6167,-73.0162,68.9,59,20,4.61
347,Shellbrook,CA,2021-07-31 23:19:59,53.2168,-106.4011,81.63,20,0,7.16
348,Capelinha,BR,2021-07-31 23:20:00,-17.6914,-42.5158,60.89,58,100,6.04
349,Sihora,IN,2021-07-31 23:20:00,23.4833,80.1167,74.75,91,100,14.5
350,Vanavara,RU,2021-07-31 23:20:01,60.34,102.2797,60.64,84,100,3.6
351,Ust-Shonosha,RU,2021-07-31 23:20:04,61.1531,41.343,56.32,96,72,7.76
352,Suzhou,CN,2021-07-31 23:20:04,31.3114,120.6181,82.89,91,99,1.36
353,Kavieng,PG,2021-07-31 23:20:05,-2.5744,150.7967,82.87,69,28,4.27
354,Kaeo,NZ,2021-07-31 23:20:06,-35.1,173.7833,62.33,71,6,8.66
355,Benjamin Constant,BR,2021-07-31 23:20:07,-4.3831,-70.0311,75.33,59,7,0.47
356,Kununurra,AU,2021-07-31 23:20:07,-15.7667,128.7333,71.58,88,4,1.14
357,Honiara,SB,2021-07-31 23:20:08,-9.4333,159.95,81.66,73,87,3.36
358,Katherine,AU,2021-07-31 23:20:09,-14.4667,132.2667,77.32,69,31,4.61
359,Biharamulo,TZ,2021-07-31 23:20:09,-2.6319,31.3089,63.07,42,87,6.13
360,Steubenville,US,2021-07-31 23:20:10,40.3698,-80.634,77.32,60,85,1.14
361,Bathsheba,BB,2021-07-31 23:20:10,13.2167,-59.5167,83.01,78,75,14.97
362,Mount Darwin,ZW,2021-07-31 23:20:11,-16.7725,31.5838,50.59,92,13,3.42
363,Taoudenni,ML,2021-07-31 23:20:12,22.6783,-3.9836,102.24,12,1,1.95
364,Oranjemund,NA,2021-07-31 23:20:13,-28.55,16.4333,64.27,39,0,1.95
365,Sola,VU,2021-07-31 23:20:13,-13.8833,167.55,77.18,70,96,15.7
366,Nanakuli,US,2021-07-31 23:20:14,21.3906,-158.1547,89.55,50,20,10.36
367,Saldanha,ZA,2021-07-31 23:20:14,-33.0117,17.9442,58.14,60,35,6.67
368,Karratha,AU,2021-07-31 23:20:15,-20.7377,116.8463,59.36,49,2,9.04
369,Lebyazhye,RU,2021-07-31 23:20:16,55.2689,66.4947,63.27,88,86,6.46
370,Tiksi,RU,2021-07-31 23:20:17,71.6872,128.8694,41.09,86,94,8.77
371,Havoysund,NO,2021-07-31 23:20:17,70.9963,24.6622,45.48,86,100,5.84
372,Faanui,PF,2021-07-31 23:20:18,-16.4833,-151.75,78.03,63,70,15.73
373,Imbituba,BR,2021-07-31 23:20:18,-28.24,-48.6703,60.82,90,47,8.63
374,Isoka,ZM,2021-07-31 23:20:19,-10.1606,32.6335,53.92,77,15,5.53
375,Auki,SB,2021-07-31 23:20:20,-8.7676,160.7034,79.52,80,100,5.61
376,Aswan,EG,2021-07-31 23:20:20,24.0934,32.907,90.66,17,82,5.61
377,Namatanai,PG,2021-07-31 23:20:21,-3.6667,152.4333,81.23,78,53,4.03
378,Mapiri,BO,2021-07-31 23:20:22,-15.25,-68.1667,67.19,72,94,1.43
379,Stabat,ID,2021-07-31 23:20:22,3.761,98.4513,75.4,96,100,2.86
380,Santiago,CL,2021-07-31 23:19:31,-33.4569,-70.6483,63.86,36,47,5.75
381,Panama City,PA,2021-07-31 23:20:23,8.9936,-79.5197,85.95,78,20,11.5
382,Tunduma,TZ,2021-07-31 23:20:24,-9.3,32.7667,50.04,88,54,8.12
383,Severodvinsk,RU,2021-07-31 23:20:25,64.5635,39.8302,57.31,99,93,5.97
384,Cap Malheureux,MU,2021-07-31 23:20:25,-19.9842,57.6142,70.29,76,0,7.0
385,Shirokiy,RU,2021-07-31 23:20:26,49.758,129.523,66.76,96,83,17.56
386,Kichmengskiy Gorodok,RU,2021-07-31 23:20:27,59.9816,45.7854,54.95,95,27,7.85
387,Vila Velha,BR,2021-07-31 23:20:27,-20.3297,-40.2925,62.55,94,90,4.61
388,Agirish,RU,2021-07-31 23:20:28,61.9247,63.0231,54.81,87,100,7.36
389,Kibala,TD,2021-07-31 23:20:28,9.1104,18.3463,71.55,100,20,0.0
390,Thinadhoo,MV,2021-07-31 23:20:29,0.5333,72.9333,81.54,71,99,1.19
391,Amambai,BR,2021-07-31 23:20:30,-23.1042,-55.2258,53.38,68,100,6.91
392,Slave Lake,CA,2021-07-31 23:20:30,55.2834,-114.769,85.98,35,1,11.5
393,Ko Samui,TH,2021-07-31 23:20:10,9.5357,99.9357,81.95,79,97,16.31
394,Misratah,LY,2021-07-31 23:20:31,32.3754,15.0925,84.4,55,0,2.73
395,Lakselv,NO,2021-07-31 23:20:32,70.0513,24.9718,48.02,93,90,11.5
396,Grenaa,DK,2021-07-31 23:20:33,56.4158,10.8783,59.22,85,72,4.0
397,Grand-Santi,GF,2021-07-31 23:20:33,4.25,-54.3833,75.04,92,77,2.66
398,Basco,PH,2021-07-31 23:20:34,20.4487,121.9702,82.29,88,100,25.84
399,Los Llanos De Aridane,ES,2021-07-31 23:20:34,28.6585,-17.9182,69.55,84,90,19.57
400,Hofn,IS,2021-07-31 23:20:35,64.2539,-15.2082,51.01,90,21,7.43
401,San Francisco,US,2021-07-31 23:16:05,37.7749,-122.4194,96.76,77,20,3.0
402,Menongue,AO,2021-07-31 23:20:36,-14.6585,17.691,54.12,39,0,7.65
403,Valera,VE,2021-07-31 23:20:37,9.3178,-70.6036,78.22,79,70,3.76
404,Abu Dhabi,AE,2021-07-31 23:15:39,24.4667,54.3667,91.42,84,43,2.3
405,Monastyrshchina,RU,2021-07-31 23:20:38,54.3496,31.838,63.54,73,100,6.49
406,Auch,FR,2021-07-31 23:20:39,43.65,0.5833,58.91,97,99,9.1
407,North Bend,US,2021-07-31 23:20:40,43.4065,-124.2243,81.25,88,40,16.11
408,South Lake Tahoe,US,2021-07-31 23:20:40,38.9332,-119.9844,84.85,26,90,6.91
409,Cayenne,GF,2021-07-31 23:20:41,4.9333,-52.3333,83.08,79,0,1.99
410,Pemangkat,ID,2021-07-31 23:20:42,1.1667,108.9667,78.42,87,16,6.58
411,Dickinson,US,2021-07-31 23:17:11,29.4608,-95.0513,93.42,70,1,1.99
412,Uruacu,BR,2021-07-31 23:20:43,-14.5247,-49.1408,76.59,31,85,4.61
413,Rawalpindi,PK,2021-07-31 23:20:44,33.6007,73.0679,78.24,84,70,6.49
414,Phalodi,IN,2021-07-31 23:20:44,27.1333,72.3667,87.04,63,96,18.57
415,Waipawa,NZ,2021-07-31 23:20:45,-41.4122,175.5153,51.03,76,78,4.72
416,Sao Gabriel Da Cachoeira,BR,2021-07-31 23:20:46,-0.1303,-67.0892,77.04,70,97,1.39
417,Namalenga,TZ,2021-07-31 23:20:46,-10.95,39.1,65.61,81,63,2.26
418,Guiratinga,BR,2021-07-31 23:20:47,-16.3494,-53.7583,73.56,26,18,2.75
419,Tsabong,BW,2021-07-31 23:20:47,-26.0217,22.401,53.19,40,0,8.48
420,Flinders,AU,2021-07-31 23:20:48,-34.5833,150.8552,73.38,48,1,8.41
421,Srednekolymsk,RU,2021-07-31 23:20:49,67.45,153.6833,37.42,98,100,13.35
422,La Palma,US,2021-07-31 23:20:49,33.8464,-118.0467,105.33,45,1,8.01
423,Asfi,MA,2021-07-31 23:20:50,32.2994,-9.2372,66.9,77,0,20.83
424,Kautokeino,NO,2021-07-31 23:20:50,69.0125,23.0412,43.29,92,100,9.73
425,Cabo San Lucas,MX,2021-07-31 23:18:44,22.8909,-109.9124,94.51,66,75,14.97
426,Marienburg,PL,2021-07-31 23:20:52,54.0359,19.0266,64.89,65,12,9.95
427,Glens Falls,US,2021-07-31 23:20:52,43.3095,-73.644,71.74,68,40,4.61
428,Bad Essen,DE,2021-07-31 23:20:53,52.3167,8.3333,58.68,91,12,6.06
429,Ulladulla,AU,2021-07-31 23:20:53,-35.35,150.4667,72.88,58,2,6.73
430,Batagay,RU,2021-07-31 23:20:54,67.6333,134.6333,63.52,40,22,8.52
431,Altay,CN,2021-07-31 23:20:55,47.8667,88.1167,55.24,63,48,3.38
432,Nehe,CN,2021-07-31 23:20:55,48.4833,124.8333,56.77,96,100,12.75
433,Darnah,LY,2021-07-31 23:20:56,32.767,22.6367,83.59,47,0,13.87
434,Peace River,CA,2021-07-31 23:20:57,56.2501,-117.286,91.71,29,1,5.75
435,Shipitsyno,RU,2021-07-31 23:20:57,61.2806,46.5208,56.01,96,77,6.26
436,San Cristobal,VE,2021-07-31 23:20:58,7.7669,-72.225,80.78,92,52,5.59
437,Coari,BR,2021-07-31 23:20:58,-4.085,-63.1414,79.43,53,66,1.68
438,Andapa,MG,2021-07-31 23:20:59,-14.65,49.65,56.07,98,18,3.29
439,Panguna,PG,2021-07-31 23:21:00,-6.3164,155.4848,78.4,68,22,1.95
440,Fukue,JP,2021-07-31 23:21:00,32.6881,128.8419,82.76,89,0,1.14
441,Semey,KZ,2021-07-31 23:21:01,50.4111,80.2275,68.45,25,74,7.11
442,Nakamura,JP,2021-07-31 23:21:02,32.9833,132.9333,82.0,67,100,1.43
443,Beberibe,BR,2021-07-31 23:21:02,-4.1797,-38.1306,80.64,80,49,13.35
444,Pandamatenga,BW,2021-07-31 23:21:03,-18.5278,25.627,54.57,52,0,2.1
445,Ambon,ID,2021-07-31 23:21:04,-3.6954,128.1814,77.14,94,40,4.61
446,French Harbor,HN,2021-07-31 23:18:14,16.35,-86.4333,84.2,85,75,1.01
447,Saint Andrews,US,2021-07-31 23:21:05,34.0454,-81.1293,93.13,63,75,3.0
448,Beyneu,KZ,2021-07-31 23:21:06,45.3167,55.2,83.19,17,0,9.35
449,Thouars,FR,2021-07-31 23:21:06,46.976,-0.2151,59.2,84,95,9.42
450,Nuuk,GL,2021-07-31 23:20:43,64.1835,-51.7216,52.41,71,75,4.61
451,Masyaf,SY,2021-07-31 23:21:07,35.0653,36.3406,68.05,73,0,5.97
452,Axim,GH,2021-07-31 23:21:08,4.8699,-2.2405,76.01,88,55,6.55
453,Svetlogorsk,BY,2021-07-31 23:21:08,52.6333,29.7333,65.08,90,100,8.99
454,Nizhniy Ingash,RU,2021-07-31 23:21:09,56.2,96.53,56.3,81,100,1.25
455,Soc Trang,VN,2021-07-31 23:21:10,9.6033,105.98,76.96,91,69,7.2
456,Maldonado,UY,2021-07-31 23:21:11,-34.6667,-54.9167,48.22,84,65,1.68
457,Tooele,US,2021-07-31 23:21:12,40.5308,-112.2983,92.05,40,40,6.91
458,Sapa,PH,2021-07-31 23:21:12,5.1544,120.3241,82.53,77,24,7.29
459,Chaman,PK,2021-07-31 23:21:13,30.9236,66.4512,77.83,18,1,6.78
460,Namangan,UZ,2021-07-31 23:21:14,40.9983,71.6726,75.65,43,81,4.61
461,Plastun,RU,2021-07-31 23:21:14,44.7561,136.2939,68.65,96,100,6.82
462,Aykhal,RU,2021-07-31 23:21:15,66.0,111.5,69.08,34,2,4.14
463,Chatellerault,FR,2021-07-31 23:21:16,46.8,0.5333,61.3,1,86,8.39
464,Coahuayana,MX,2021-07-31 23:21:16,18.7333,-103.6833,90.88,67,97,4.59
465,Roros,NO,2021-07-31 23:21:17,62.5747,11.3842,46.24,87,90,8.05
466,Vila Franca Do Campo,PT,2021-07-31 23:21:17,37.7167,-25.4333,72.01,91,48,5.37
467,Jalu,LY,2021-07-31 23:20:44,29.0331,21.5482,88.36,16,0,10.8
468,Shetpe,KZ,2021-07-31 23:21:19,44.1667,52.1167,79.88,29,28,5.28
469,George Town,MY,2021-07-31 23:19:28,5.4112,100.3354,78.73,93,20,2.3
470,Kapit,MY,2021-07-31 23:21:20,2.0167,112.9333,73.2,98,60,1.1
471,Delesti,RO,2021-07-31 23:21:20,46.7,27.55,74.8,83,40,5.73
472,Biggar,GB,2021-07-31 23:21:21,55.6167,-3.5167,56.28,94,100,5.57
473,Vallenar,CL,2021-07-31 23:21:21,-28.5708,-70.7581,64.06,41,0,1.72
474,Zheleznodorozhnyy,RU,2021-07-31 23:21:22,55.7503,38.0042,63.95,66,55,5.64
475,Vidim,RU,2021-07-31 23:20:24,56.4088,103.1106,60.66,69,100,2.86
476,Ouadda,CF,2021-07-31 23:21:23,8.0777,22.4007,68.72,97,100,3.67
477,Viedma,AR,2021-07-31 23:21:24,-40.8135,-62.9967,43.52,65,2,5.88
478,Tenenkou,ML,2021-07-31 23:21:24,14.4572,-4.9169,81.77,70,94,14.03
479,Rovaniemi,FI,2021-07-31 23:21:25,66.5,25.7167,54.81,87,0,4.61
480,Shimoda,JP,2021-07-31 23:21:25,34.6667,138.95,86.11,74,16,3.38
481,Kloulklubed,PW,2021-07-31 23:21:26,7.0419,134.2556,79.3,73,92,9.8
482,Kensington,AU,2021-07-31 23:21:26,-33.9167,151.2167,71.71,59,0,4.0
483,Terre Haute,US,2021-07-31 23:16:50,39.4667,-87.4139,69.94,91,90,0.0
484,Macusani,PE,2021-07-31 23:21:28,-14.0833,-70.4333,37.69,80,43,5.93
485,Aksu,CN,2021-07-31 23:21:29,41.1231,80.2644,73.53,33,0,4.56
486,Santa Branca,BR,2021-07-31 23:21:29,-23.3967,-45.8839,54.66,82,0,13.8
487,Norman Wells,CA,2021-07-31 23:21:30,65.282,-126.8329,87.84,23,75,10.36
488,Makakilo City,US,2021-07-31 23:21:31,21.3469,-158.0858,88.12,51,20,10.36
489,Damietta,EG,2021-07-31 23:21:31,31.4165,31.8133,80.91,68,0,0.69
490,Voka,EE,2021-07-31 23:21:32,59.3997,27.5817,59.77,92,16,9.84
491,Carbonia,IT,2021-07-31 23:21:33,39.1672,8.5222,85.15,71,98,4.68
492,Vammala,FI,2021-07-31 23:21:33,61.3333,22.9,58.44,95,95,3.47
493,Mayuge,UG,2021-07-31 23:21:34,0.4597,33.4803,62.58,69,91,2.26
494,Urucui,BR,2021-07-31 23:21:35,-7.2294,-44.5561,81.7,49,2,16.15
495,Inhambane,MZ,2021-07-31 23:21:35,-23.865,35.3833,63.39,80,0,5.06
496,Gostyn,PL,2021-07-31 23:21:36,51.8825,17.0123,65.73,65,20,7.63
497,Hamilton,US,2021-07-31 23:20:30,39.1834,-84.5333,74.95,69,90,4.61
498,Lyubinskiy,RU,2021-07-31 23:21:37,55.1542,72.6925,62.28,92,76,2.93
499,Safaga,EG,2021-07-31 23:21:37,26.7292,33.9365,87.76,47,38,1.14
500,Tarija,BO,2021-07-31 23:21:38,-21.5355,-64.7296,50.38,48,83,4.54
501,Tessalit,ML,2021-07-31 23:21:39,20.1986,1.0114,91.08,33,46,11.56
502,Bay City,US,2021-07-31 23:17:19,43.5945,-83.8889,77.49,57,20,14.97
503,El Sauce,NI,2021-07-31 23:21:40,12.8869,-86.539,88.0,53,86,8.95
504,Sur,OM,2021-07-31 23:21:41,22.5667,59.5289,88.3,61,43,7.9
505,Half Moon Bay,US,2021-07-31 23:21:41,37.4636,-122.4286,93.7,64,40,1.01
506,Buchanan,LR,2021-07-31 23:21:42,5.8808,-10.0467,75.92,88,88,8.97
507,Tazovskiy,RU,2021-07-31 23:21:42,67.4667,78.7,49.51,84,97,6.89
508,Bengkulu,ID,2021-07-31 23:21:12,-3.8004,102.2655,74.23,91,32,2.91
509,Saint-Pierre,RE,2021-07-31 23:21:43,-21.3393,55.4781,65.84,70,20,6.91
510,La Rioja,ES,2021-07-31 23:21:44,42.25,-2.5,50.04,93,51,4.76
511,Greenwood,US,2021-07-31 23:21:44,34.1668,-82.1165,89.8,68,1,4.61
512,Diego De Almagro,CL,2021-07-31 23:21:45,-26.3667,-70.05,63.25,30,0,2.08
513,Emerald,AU,2021-07-31 23:21:46,-23.5333,148.1667,69.94,83,75,5.75
514,Kroya,ID,2021-07-31 23:21:46,-7.6331,109.2461,75.22,89,73,7.47
515,Padang,ID,2021-07-31 23:19:51,-0.9492,100.3543,77.05,87,100,3.38
516,Pakxan,LA,2021-07-31 23:21:47,18.3778,103.6601,75.88,98,100,2.53
517,Rio Grande,BR,2021-07-31 23:20:36,-32.035,-52.0986,48.94,89,0,8.5
518,Bermeo,ES,2021-07-31 23:21:48,43.4209,-2.7215,60.49,77,49,12.84
519,Douentza,ML,2021-07-31 23:21:10,14.9951,-2.9517,85.57,61,48,6.51
520,Canyon Lake,US,2021-07-31 23:21:50,29.8752,-98.2625,95.99,57,91,5.01
521,Vostok,RU,2021-07-31 23:21:50,46.4856,135.8833,74.97,66,63,2.89
522,Omboue,GA,2021-07-31 23:21:51,-1.5746,9.2618,73.78,78,20,6.15
523,Petropavlovsk-Kamchatskiy,RU,2021-07-31 23:21:52,53.0452,158.6483,54.19,94,75,4.47
524,Amapa,BR,2021-07-31 23:21:52,1.0,-52.0,72.82,97,100,2.55
525,Envira,BR,2021-07-31 23:21:53,-7.3,-70.2167,75.06,48,16,1.57
526,Awbari,LY,2021-07-31 23:21:53,26.5921,12.7805,86.92,15,0,6.42
527,Eureka,US,2021-07-31 23:19:52,40.8021,-124.1637,70.12,76,71,5.01
528,Hasaki,JP,2021-07-31 23:21:55,35.7333,140.8333,82.8,83,26,3.83
529,Ninghai,CN,2021-07-31 23:21:55,29.2892,121.4247,80.73,89,91,2.53
530,Fairbanks,US,2021-07-31 23:21:57,64.8378,-147.7164,81.1,43,1,0.0
531,Te Anau,NZ,2021-07-31 23:21:57,-45.4167,167.7167,47.89,96,99,1.59
532,Presidencia Roque Saenz Pena,AR,2021-07-31 23:21:58,-26.7852,-60.4388,60.51,40,95,4.47
533,Sao Paulo De Olivenca,BR,2021-07-31 23:21:59,-3.3783,-68.8725,73.81,66,62,0.6
534,Hun,LY,2021-07-31 23:21:59,29.1268,15.9477,87.94,16,0,7.05
535,Poso,ID,2021-07-31 23:22:00,-1.3959,120.7524,78.12,80,26,4.5
536,Berzence,HU,2021-07-31 23:18:14,46.2091,17.1481,66.38,73,17,4.7
537,Puli,TW,2021-07-31 23:22:01,23.9664,120.9695,75.22,96,100,2.93
538,Hohhot,CN,2021-07-31 23:22:01,40.8106,111.6522,64.69,59,0,2.24
539,Doka,SD,2021-07-31 23:22:02,13.5167,35.7667,68.27,94,100,7.9
540,Lagos,NG,2021-07-31 23:18:03,6.5833,3.75,79.12,90,84,4.18
541,Tagusao,PH,2021-07-31 23:22:03,9.1924,117.8141,80.82,80,39,5.93
542,Teguldet,RU,2021-07-31 23:22:04,57.3064,88.1667,56.82,75,83,3.8
543,Prince Rupert,CA,2021-07-31 23:22:04,54.3161,-130.3201,59.09,93,90,9.22
544,Yatou,CN,2021-07-31 23:22:05,37.15,122.3833,79.54,82,6,4.88
545,Mattru,SL,2021-07-31 23:22:06,7.6244,-11.8332,71.73,98,100,1.9
546,Guadix,ES,2021-07-31 23:22:06,37.2993,-3.1392,69.15,35,100,6.2
547,Talcahuano,CL,2021-07-31 23:22:07,-36.7167,-73.1167,49.68,76,0,4.61
548,Saint-Augustin,CA,2021-07-31 23:22:08,51.226,-58.6502,55.38,86,100,19.22
549,Saurimo,AO,2021-07-31 23:22:08,-9.6608,20.3916,58.84,30,2,5.75
550,Wagar,SD,2021-07-31 23:22:09,16.1525,36.2032,75.16,82,100,17.47
551,Tongren,CN,2021-07-31 23:22:10,27.7172,109.1853,79.7,83,81,2.04
